{
  "model_name": "bert-base-uncased",
  "labels": {
    "cryptography": 0,
    "intrusion_detection": 1,
    "machine_learning": 2,
    "network_security": 3
  },
  "baseline": {
    "accuracy": 0.16666666666666666,
    "precision_macro": 0.041666666666666664,
    "recall_macro": 0.25,
    "f1_macro": 0.07142857142857142
  },
  "fine_tuned": {
    "accuracy": 0.16666666666666666,
    "precision_macro": 0.08333333333333333,
    "recall_macro": 0.125,
    "f1_macro": 0.1
  },
  "classification_report": "                     precision    recall  f1-score   support\n\n       cryptography       0.00      0.00      0.00         1\nintrusion_detection       0.00      0.00      0.00         2\n   machine_learning       0.00      0.00      0.00         1\n   network_security       0.33      0.50      0.40         2\n\n           accuracy                           0.17         6\n          macro avg       0.08      0.12      0.10         6\n       weighted avg       0.11      0.17      0.13         6\n"
}